[
  {
      "id": 1,
      "bookname": "西游记",
      "author": "吴承恩",
      "publisher": "北京出版社"
  },
  {
      "id": 3,
      "bookname": "红楼梦",
      "author": "曹雪芹",
      "publisher": "上海出版社"
  },
  {
      "id": 6,
      "bookname": "三国演义",
      "author": "罗贯中",
      "publisher": "清华出版社"
  },
  {
      "id": 8,
      "bookname": "斗破苍穹",
      "author": "土豆",
      "publisher": "仙侠出版社"
  },
  {
      "bookname": "朝花夕拾",
      "author": "鲁迅",
      "publisher": "北京出版社",
      "id": 10
  },
  {
      "bookname": "朝花夕拾",
      "author": "鲁迅",
      "publisher": "北京出版社",
      "id": 11
  }
]